{
  "imdb": {
    "accuracy": 0.9210808529957324,
    "f1": 0.9062596844468498,
    "ece": 0.0260760288283199,
    "brier": 0.010084676393956106,
    "avg_a_flip": 657.7287466783022,
    "ce_cnt": 0.0,
    "params": 110000000,
    "is_mock": true
  },
  "yelp": {
    "accuracy": 0.8727492377674579,
    "f1": 0.8618794692817858,
    "ece": 0.035828322644332736,
    "brier": 0.0361723665987686,
    "avg_a_flip": 16.45319170588904,
    "ce_cnt": 4.0,
    "params": 125000000,
    "is_mock": true
  },
  "cifar": {
    "accuracy": 0.9183778603953726,
    "f1": 0.9116311149319081,
    "ece": 0.044453019944696526,
    "brier": 0.029006967595337274,
    "avg_a_flip": 92.83708298695771,
    "ce_cnt": 4.0,
    "params": 855770,
    "is_mock": true
  }
}