,accuracy,f1,ece,brier,avg_a_flip,ce_cnt,params,is_mock
imdb,0.9210808529957324,0.9062596844468498,0.0260760288283199,0.010084676393956106,657.7287466783022,0.0,110000000,True
yelp,0.8727492377674579,0.8618794692817858,0.035828322644332736,0.0361723665987686,16.45319170588904,4.0,125000000,True
cifar,0.9183778603953726,0.9116311149319081,0.044453019944696526,0.029006967595337274,92.83708298695771,4.0,855770,True
